{"cameraMode":{"drawMode":0,"name":"Shaded","section":"Shading Mode"},"sceneLighting":true,"audioPlay":false,"sceneViewState":{"m_AlwaysRefresh":false,"showFog":false,"showSkybox":true,"showFlares":true,"showImageEffects":true,"showParticleSystems":true,"showVisualEffectGraphs":true,"m_FxEnabled":true},"in2DMode":false,"pivot":{"x":602.3751220703125,"y":107.61873626708985,"z":354.7118835449219},"rotation":{"x":-0.003386064898222685,"y":-0.5855754017829895,"z":0.00248797913081944,"w":-0.8107149004936218},"size":13.132644653320313,"orthographic":false}