{"cameraMode":{"drawMode":0,"name":"Shaded","section":"Shading Mode"},"sceneLighting":true,"audioPlay":false,"sceneViewState":{"m_AlwaysRefresh":false,"showFog":false,"showSkybox":true,"showFlares":true,"showImageEffects":true,"showParticleSystems":true,"showVisualEffectGraphs":true,"m_FxEnabled":true},"in2DMode":false,"pivot":{"x":598.8336181640625,"y":128.4402313232422,"z":423.67596435546877},"rotation":{"x":-0.2995397448539734,"y":-0.00602841516956687,"z":0.0019091003341600299,"w":-0.9540873169898987},"size":211.17935180664063,"orthographic":false}