{"cameraMode":{"drawMode":0,"name":"Shaded","section":"Shading Mode"},"sceneLighting":true,"audioPlay":false,"sceneViewState":{"m_AlwaysRefresh":false,"showFog":false,"showSkybox":true,"showFlares":true,"showImageEffects":true,"showParticleSystems":true,"showVisualEffectGraphs":true,"m_FxEnabled":true},"in2DMode":false,"pivot":{"x":1.269278645515442,"y":100.06668090820313,"z":1.1158407926559449},"rotation":{"x":0.0049025812186300758,"y":-0.9942794442176819,"z":-0.0951349064707756,"w":-0.049808137118816379},"size":0.028887802734971048,"orthographic":false}